Gene,SeqLength,R1,R2,R3,R4,R5,R6,R7,R8,R9,R10,R11,R12,R13,R14,R15,R16,R17,R18,R19,R20,R21,R22,R23,R24,R25,R26,R27,R28,R29,R30
9930111J21Rik1,844,1,0,0,0,0,0,0,0,0,0,0,1,-1,-1,0,-1,0,0,0,0,0,0,0,0,0,0,0,0,1,0
Acod1,488,1,0,0,1,0,0,0,-1,0,0,0,0,0,0,0,0,0,1,0,0,0,0,0,-1,0,0,0,1,1,0
Akt3,479,1,0,-1,0,0,0,0,1,-1,0,0,0,0,1,1,0,-1,0,0,1,0,0,1,0,1,0,0,0,0,1
Arg1,323,1,0,0,1,0,1,0,0,-1,0,0,0,0,0,0,0,1,0,0,0,1,0,0,0,-1,1,0,0,0,0
Arg2,354,1,0,0,1,0,0,0,0,1,0,0,0,0,0,0,0,0,0,0,0,1,0,0,0,0,0,0,0,0,0
Ass1,464,1,0,0,-1,0,0,1,0,0,0,0,1,0,0,0,0,0,-1,0,0,0,-1,1,0,0,0,0,0,0,0
Ak4,223,1,0,0,1,0,0,1,0,0,0,0,0,0,0,0,0,0,1,0,0,0,0,-1,1,0,0,0,0,0,0
Bfar,429,1,0,0,0,0,0,0,0,0,0,0,0,0,-1,-1,0,0,0,1,0,1,0,-1,0,0,0,-1,0,0,0
Alas1,642,1,-1,0,0,0,1,1,0,0,0,0,0,1,0,0,0,0,0,0,0,1,0,0,1,0,0,0,0,0,0
B3gat3,335,1,1,0,1,0,1,0,0,0,0,0,0,0,0,0,0,0,0,0,0,0,0,0,0,0,0,0,0,0,0
Cflar,971,1,0,-1,-1,-1,0,0,0,0,0,0,0,0,0,0,0,0,0,0,0,0,0,0,0,0,0,-1,0,0,0
Casp8,656,1,0,0,-1,0,0,0,-1,0,0,1,0,0,0,0,-1,0,0,-1,1,0,-1,0,-1,0,0,0,0,0,1
Cmpk2,447,1,0,0,0,0,1,0,1,0,0,0,0,0,0,1,0,0,1,1,0,0,0,1,0,0,0,0,0,0,0
B4galt5,388,1,1,0,1,1,0,0,0,1,0,0,1,1,0,0,0,0,0,0,0,0,0,0,0,0,0,0,0,0,0
Cndp2,475,1,0,0,0,1,0,0,0,0,0,0,-1,-1,0,0,-1,1,0,0,1,1,0,0,-1,0,0,0,0,0,0
Cwc15,229,1,0,0,0,0,1,0,0,0,-1,0,0,1,0,0,1,0,1,0,-1,0,-1,0,0,0,0,0,1,0,0
Ctsh,155,1,0,0,0,0,0,0,0,0,0,0,0,0,0,0,0,0,0,0,0,0,0,0,0,0,0,0,-1,0,0
Cers6,414,1,0,0,0,0,0,-1,0,0,0,0,0,0,0,0,0,0,0,-1,0,0,0,0,0,0,0,0,0,0,0
Dnaja2,412,1,0,0,0,0,-1,0,1,0,0,-1,0,0,0,0,0,0,0,0,0,-1,0,-1,0,1,1,0,0,1,1
Dcp1a,602,1,0,0,0,0,0,0,0,1,0,1,1,1,0,0,0,0,1,0,1,0,-1,0,0,0,1,0,-1,0,-1
Cybb,570,1,0,0,0,0,0,0,-1,0,0,0,0,0,0,0,0,0,0,0,0,0,0,0,0,0,0,0,0,0,0
Dnajb12,376,1,-1,0,0,1,-1,-1,0,-1,1,0,0,0,0,0,0,1,0,0,0,0,0,0,0,-1,1,0,0,1,0
Ctsc,461,1,0,0,0,0,0,0,0,1,0,0,0,0,0,0,0,0,0,0,0,0,0,1,0,-1,0,0,0,0,0
Dnttip2,599,1,0,0,0,0,0,0,1,0,0,0,0,0,0,0,0,0,0,0,0,0,-1,0,-1,0,0,0,1,0,0
Eef1a2,462,1,0,1,-1,1,0,0,0,0,0,0,0,0,0,0,0,-1,0,0,1,0,0,0,0,0,0,0,0,0,1
Dnajb6,337,1,0,0,0,-1,-1,0,0,0,0,0,0,0,0,0,0,0,0,0,0,0,0,-1,0,1,1,0,0,-1,0
Eef1akmt4-Ece2,881,1,0,0,0,1,0,0,0,0,0,0,-1,0,0,-1,1,0,0,0,0,1,0,0,0,0,0,-1,0,1,0
Ero1a,464,1,0,1,0,0,0,0,0,0,0,0,0,0,0,0,0,0,0,1,0,0,0,0,-1,-1,1,1,0,-1,0
Ell2,639,1,0,0,0,0,0,0,0,0,1,-1,-1,0,1,0,0,0,0,0,0,1,0,0,0,-1,0,0,0,0,0
Gclm,274,1,0,0,-1,0,1,0,0,0,0,0,0,0,1,0,0,0,0,0,0,0,0,0,0,0,0,0,0,0,1
Gch1,241,1,-1,1,0,1,0,0,1,0,0,0,0,0,0,-1,1,-1,0,0,1,0,0,0,0,0,0,0,-1,1,0
Fas,663,1,0,-1,1,0,0,0,0,1,0,0,0,0,0,0,0,0,0,0,0,0,0,0,0,1,0,0,0,1,-1
Gm5431,844,1,0,0,0,0,0,0,0,0,0,0,1,-1,-1,0,-1,0,0,0,0,0,0,0,0,0,0,0,0,1,0
Fbxo38,301,1,-1,0,0,0,0,0,0,0,0,0,-1,0,0,0,0,0,-1,0,0,0,0,0,0,0,0,0,0,-1,-1
Gfpt1,697,1,0,0,0,0,0,0,0,0,0,0,0,0,1,0,1,1,-1,0,0,-1,0,0,0,1,0,0,0,1,0
Hk2,917,1,0,0,0,0,0,0,0,0,0,0,0,-1,0,0,0,0,0,0,0,1,0,-1,0,0,0,0,0,0,1
Hm13,267,1,0,0,0,0,0,0,0,0,0,0,0,0,0,0,1,0,0,0,0,0,0,0,0,0,0,0,0,1,0
Gk,2050,1,0,0,0,0,1,1,-1,1,-1,1,-1,0,0,1,1,-1,1,1,-1,1,1,-1,1,1,-1,1,0,0,0
Gde1,331,1,0,0,0,-1,-1,0,0,0,0,0,0,0,0,0,0,0,0,0,0,0,0,0,0,0,1,0,0,0,0
Gsr,418,1,0,0,0,-1,0,-1,0,0,0,0,1,0,0,0,1,0,0,-1,0,0,0,0,0,0,0,0,0,0,0
Hspa4l,838,1,0,0,0,0,0,-1,0,0,0,0,0,0,0,0,0,0,0,1,0,0,0,0,-1,0,0,0,0,-1,0
Gm12185,835,1,0,0,0,0,0,0,0,0,0,0,1,-1,-1,0,0,0,0,0,0,0,1,0,1,0,0,0,0,-1,0
Inip,104,1,0,0,0,0,0,0,0,0,0,0,0,1,0,1,0,0,0,0,0,-1,0,-1,1,-1,1,1,1,0,0
Inpp5b,993,1,-1,0,0,0,0,0,0,-1,0,0,0,-1,0,-1,0,0,0,0,0,0,0,0,0,0,0,1,0,-1,0
Igtp,424,1,0,1,0,0,0,0,0,-1,0,0,0,0,0,0,0,0,0,0,0,0,0,0,0,0,0,0,-1,0,0
Isy1,773,1,-1,0,0,-1,0,0,0,0,0,0,1,-1,0,0,0,-1,0,0,0,-1,0,1,0,0,0,0,0,0,0
Hk3,922,1,0,0,0,0,0,0,0,0,0,0,0,-1,1,0,0,0,0,0,0,-1,0,0,0,1,0,0,0,0,0
Isg15,714,1,0,0,0,0,0,0,-1,0,1,0,0,1,0,0,0,0,0,-1,0,0,0,0,1,0,0,0,0,0,0
Irgm1,342,1,1,1,-1,0,0,0,0,0,0,0,0,0,0,1,-1,0,0,0,0,0,0,0,0,0,0,0,-1,1,0
Isg20,300,1,0,0,0,0,-1,0,0,0,0,-1,0,-1,0,0,0,0,0,0,0,1,0,0,0,0,0,1,0,0,0
Iigp1,393,1,0,-1,0,0,0,0,0,0,0,0,0,0,0,0,0,0,0,0,0,0,0,0,0,1,0,0,-1,0,0
Lap3,519,1,0,0,0,0,0,0,0,0,0,1,0,0,0,1,1,0,0,0,1,0,0,0,-1,1,0,0,0,0,0
Kynu,464,1,-1,0,0,0,0,-1,0,0,0,-1,0,0,1,1,0,0,0,-1,0,0,0,-1,0,0,-1,-1,1,0,0
Mcmbp,734,1,0,0,0,-1,-1,0,0,0,0,0,0,-1,0,0,0,0,-1,0,0,0,-1,-1,0,0,0,1,1,0,0
Itpkb,405,1,-1,1,0,0,1,0,0,0,0,0,0,0,0,0,0,0,0,1,-1,0,0,0,0,0,0,0,0,0,0
Lage3,148,1,0,0,0,0,0,0,0,0,0,0,0,-1,0,0,-1,0,0,0,0,1,0,0,0,0,0,0,0,0,1
Lpin2,893,1,0,0,0,0,0,0,0,0,0,0,0,0,0,0,1,-1,0,0,1,0,0,0,0,0,0,0,0,0,0
Lbr,648,1,-1,1,1,0,0,0,0,0,0,1,1,1,1,0,1,0,1,1,-1,1,0,0,1,1,0,-1,0,0,0
Mthfr,654,1,0,0,-1,0,1,0,0,0,0,0,0,0,1,0,-1,0,0,0,0,0,0,-1,0,0,1,-1,0,0,1
Mlh1,3329,1,0,0,-1,0,1,1,1,0,0,0,0,-1,0,0,1,0,1,0,0,0,0,-1,0,0,0,0,0,0,0
Mmp13,472,1,0,0,0,0,0,0,0,0,0,0,0,0,0,0,0,0,0,0,0,0,0,0,0,0,-1,-1,-1,-1,-1
Nampt,483,1,1,0,0,0,0,-1,0,-1,0,0,0,0,-1,0,0,0,0,0,0,0,0,0,0,0,0,0,0,0,1
P4ha1,789,1,0,0,0,1,0,0,0,0,0,0,0,0,0,0,0,0,0,0,0,-1,0,-1,-1,1,0,-1,0,0,0
Nos2,1031,1,0,0,1,0,0,0,1,0,0,1,-1,1,0,0,0,0,-1,-1,0,0,0,0,0,0,-1,0,0,0,0
Patl1,983,1,-1,1,0,0,0,-1,0,-1,0,0,-1,0,0,0,-1,0,1,1,0,0,0,0,1,0,0,0,1,0,0
Papss2,621,1,0,0,0,0,1,0,0,0,1,1,-1,0,0,1,0,0,0,0,0,0,0,0,0,0,0,0,1,0,1
Pfkl,2444,1,0,0,-1,0,-1,0,0,0,1,0,0,0,0,0,1,0,1,-1,0,0,0,-1,0,0,0,0,1,0,-1
Pgm1,562,1,0,1,0,0,0,0,1,0,0,0,0,0,-1,0,1,0,0,0,0,0,0,1,1,1,0,1,0,0,0
Pip5k1a,929,1,-1,0,1,-1,0,0,0,-1,0,1,0,0,-1,0,-1,0,0,0,0,0,0,0,0,0,-1,1,-1,0,0
Ncf4,304,1,0,0,0,0,0,0,1,0,-1,0,-1,0,-1,0,0,0,-1,-1,0,0,0,0,0,0,0,0,-1,0,-1
Pfkfb3,997,1,0,1,0,0,1,0,0,0,0,0,-1,0,0,0,0,0,0,1,0,0,0,0,0,0,1,0,0,0,0
Plod3,741,1,0,0,0,0,0,-1,0,1,0,0,0,0,0,0,0,0,0,0,0,0,0,0,0,0,0,0,0,-1,1
Pla2g4a,740,1,0,0,0,-1,0,0,0,0,0,1,0,0,0,0,0,0,1,0,0,1,0,0,1,0,0,0,0,-1,0
Ppp2r5a,486,1,0,0,0,0,0,0,0,0,0,0,0,0,0,0,0,0,0,-1,1,0,-1,0,0,0,1,1,0,0,1
Pdk3,391,1,1,1,0,0,0,0,0,0,0,0,0,0,0,0,0,0,0,1,0,0,0,1,0,0,0,0,0,0,1
Prdx1,199,1,0,0,0,0,0,1,0,0,0,0,0,0,0,0,1,0,0,0,0,0,0,-1,0,0,0,1,-1,0,0
Pfkp,620,1,0,0,0,0,0,0,0,0,-1,0,0,0,0,0,0,0,0,1,0,0,0,0,0,0,0,0,0,1,1
Prdx5,210,1,0,0,0,0,0,1,0,0,0,0,1,0,0,0,0,0,1,0,0,0,0,0,0,0,1,0,0,1,1
Poldip3,420,1,0,-1,0,0,0,-1,-1,0,0,1,1,1,0,0,0,0,1,0,1,0,0,0,1,0,0,0,0,0,0
Psmd4,376,1,0,0,-1,0,0,0,0,0,0,-1,0,0,-1,0,0,1,0,0,-1,0,0,0,0,1,0,0,0,0,0
Plcl2,1128,1,0,-1,0,0,1,0,0,0,0,0,0,0,0,0,0,0,0,0,0,0,0,0,1,0,0,0,1,0,0
Prkdc,4128,1,0,-1,-1,0,0,0,0,1,0,0,0,0,0,0,0,-1,0,0,0,0,0,-1,1,0,0,0,0,0,0
Ptpn2,837,1,0,0,0,0,0,0,0,1,0,0,0,-1,1,0,0,1,0,0,0,-1,0,0,0,1,0,1,0,0,0
Psat1,370,1,-1,0,0,1,0,0,0,0,0,0,0,0,0,0,1,0,0,0,0,0,0,0,-1,0,0,1,0,0,0
Psmb9,219,1,0,1,0,0,0,0,0,0,0,0,0,1,0,-1,-1,0,0,0,0,0,0,0,0,0,0,-1,0,-1,0
Rbm14,1262,1,0,0,1,0,0,0,0,1,0,0,0,0,0,0,0,0,0,1,0,0,0,0,0,0,0,0,0,0,-1
Rab43,215,1,-1,0,0,0,0,0,0,0,0,1,0,0,0,0,0,-1,0,0,0,0,1,0,0,0,0,1,0,0,0
Rnf114,229,1,0,0,0,0,0,-1,0,1,-1,0,0,0,0,0,0,1,0,0,0,-1,0,-1,0,0,0,1,0,0,0
Rnf115,207,1,0,0,1,1,1,0,0,0,1,0,0,0,0,0,-1,0,0,0,0,1,0,0,0,0,0,0,0,0,0
Samhd1,658,1,-1,0,0,0,0,0,0,0,0,0,0,0,1,-1,0,0,0,1,0,0,0,0,0,0,1,0,0,-1,0
Ptpn1,432,1,-1,0,-1,1,-1,0,-1,-1,0,-1,1,0,0,0,0,0,0,0,0,0,-1,0,1,0,-1,0,0,-1,0
Rnaseh2c,166,1,1,0,0,-1,-1,0,0,-1,0,1,0,1,0,0,0,1,0,0,0,0,1,0,0,0,0,0,1,0,0
Sart1,806,1,0,0,0,1,1,0,1,0,-1,1,-1,0,0,0,0,0,0,0,0,0,0,0,0,0,0,-1,0,0,0
Senp1,893,1,0,0,1,0,0,0,-1,-1,0,0,0,0,0,-1,1,0,0,0,0,-1,1,0,1,0,1,0,-1,0,0
Rps6kc1,1056,1,0,0,0,0,0,0,0,0,-1,0,0,1,0,0,0,0,0,-1,0,0,1,0,0,1,0,0,0,0,0
Smg9,517,1,0,-1,0,0,0,0,0,0,0,0,0,0,0,-1,1,1,1,1,0,1,-1,0,0,0,0,0,0,0,0
St3gal1,337,1,1,1,1,0,0,1,0,0,0,0,0,0,0,0,0,0,0,0,0,0,0,0,0,0,0,0,0,0,0
Sting1,337,1,0,0,0,0,0,0,0,0,0,0,1,0,1,0,0,1,0,1,0,0,0,0,0,0,0,0,0,0,0
Syk,618,1,0,-1,0,0,0,0,0,0,0,0,0,0,0,0,0,1,0,-1,0,-1,-1,0,0,1,0,0,0,0,0
St3gal5,287,1,0,0,0,0,-1,-1,1,0,0,0,0,0,-1,0,0,0,0,1,0,0,0,0,0,-1,0,-1,0,1,0
Synj1,486,1,0,0,0,0,-1,-1,0,0,0,0,-1,0,0,0,-1,0,0,0,-1,0,0,0,0,1,1,0,0,1,1
Trim12a,284,1,0,0,0,0,0,1,0,0,1,-1,-1,0,0,0,0,0,0,0,0,0,0,0,1,0,0,0,0,-1,0
Trim14,314,1,0,0,0,0,0,0,0,0,-1,0,0,0,-1,0,0,1,-1,0,0,1,1,-1,1,0,0,-1,-1,1,0
Supt6h,198,1,-1,0,0,0,0,1,0,1,1,0,0,0,0,0,1,0,0,1,0,0,1,0,1,0,-1,0,0,0,0
Ubap1,565,1,0,0,0,1,-1,0,0,0,0,0,0,0,0,0,0,0,0,0,0,-1,0,0,0,0,0,1,0,1,0
Trex1,314,1,0,0,0,0,0,0,0,0,0,0,0,0,0,0,0,0,-1,0,-1,0,0,0,0,0,0,0,1,0,-1
Ube2h,113,1,0,1,0,0,0,0,0,0,-1,-1,0,0,0,0,0,0,0,-1,0,0,0,0,0,0,0,0,0,0,-1
Trim21,531,1,0,1,0,0,0,-1,0,0,0,0,0,0,0,0,0,0,0,0,0,0,0,0,-1,0,0,0,-1,0,0
Uba7,977,1,-1,-1,-1,0,0,0,1,0,0,0,0,0,0,0,0,0,0,0,1,0,0,-1,0,1,0,0,0,0,0
Ube2f,403,1,0,0,0,0,1,-1,0,0,0,1,0,1,1,1,0,0,-1,-1,0,0,-1,0,-1,0,0,0,0,0,0
Trim30a,496,1,0,0,0,0,0,-1,0,0,1,-1,-1,0,0,0,0,0,0,0,-1,0,0,1,-1,0,0,0,0,-1,0
Ube2j1,278,1,-1,0,1,0,0,0,1,0,0,0,0,1,1,0,0,1,-1,0,0,-1,0,1,-1,0,0,-1,0,0,0
Usp25,189,1,0,-1,0,1,0,0,0,0,0,0,0,0,0,0,1,0,0,0,0,0,0,0,0,0,0,0,0,0,-1
Usp18,923,1,0,0,0,-1,0,0,0,0,0,-1,0,0,0,0,-1,0,0,0,0,0,0,0,0,0,0,0,0,0,-1
Zfand2b,257,1,-1,0,0,-1,0,0,0,0,0,0,-1,0,0,0,0,1,0,-1,0,0,0,0,1,0,-1,0,0,0,0
Zc3h11a,792,1,0,0,0,0,-1,-1,0,0,0,0,0,0,0,0,0,0,1,0,-1,0,0,0,0,1,0,0,-1,0,0
Yju2,314,1,0,-1,1,1,0,0,0,1,0,0,0,0,-1,0,-1,0,0,1,0,0,1,0,1,0,0,1,-1,1,0
Ythdc1,597,1,0,0,1,0,0,0,0,1,-1,0,0,0,0,-1,0,-1,0,0,0,1,0,1,0,0,0,0,0,0,0
Vcpip1,1220,1,0,0,0,0,0,0,0,0,0,0,0,0,0,0,0,0,-1,0,0,0,0,0,0,0,0,0,0,0,0
Znrf2,238,1,0,0,1,0,0,0,0,0,0,0,0,1,0,1,0,0,0,0,0,-1,0,0,0,0,0,0,0,0,0
